ZScoreWindow,FinalCapital,MaxDrawdown,SharpeRatio
10,1855483.93,0.567480,0.529257
15,1729829.45,0.670960,0.485271
20,1793603.00,0.744392,0.519463
25,1411548.39,0.739743,0.381857
30,1623365.01,0.790465,0.453166
35,1594767.75,0.691162,0.445528
40,1187939.97,0.606891,0.286287
45,1507931.01,0.734709,0.417668
50,1055281.92,0.732041,0.211968
